Channel,Slope,Bias
A0,0.210439,-150.502
A1,0.20688,-143.273
A2,0.212968,-147.109
A3,1.060797,-653.691
